CREATE table Resident (Name varchar(20), Career varchar(20), ResidentId varchar(20), PlateNum varchar(20), RoomId varchar(20));
CREATE INDEX resident_index ON Resident(ResidentId);
INSERT INTO Resident VALUES ('RNG20','Student','RID98','PLT16','Room13');
INSERT INTO Resident VALUES ('RNG61','Student','RID72','PLT66','Room23');
INSERT INTO Resident VALUES ('RNG76','Employee','RID49','PLT28','Room11');
INSERT INTO Resident VALUES ('RNG39','Student','RID79','PLT35','Room59');
INSERT INTO Resident VALUES ('RNG91','Employee','RID47','PLT1','Room19');
INSERT INTO Resident VALUES ('RNG94','Student','RID1','PLT60','Room65');
INSERT INTO Resident VALUES ('RNG47','Student','RID15','PLT45','Room20');
INSERT INTO Resident VALUES ('RNG89','Employee','RID2','PLT47','Room94');
INSERT INTO Resident VALUES ('RNG58','Student','RID4','PLT18','Room85');
INSERT INTO Resident VALUES ('RNG32','Student','RID59','PLT67','Room24');
INSERT INTO Resident VALUES ('RNG17','Student','RID62','PLT54','Room49');
INSERT INTO Resident VALUES ('RNG69','Employee','RID31','PLT9','Room30');
INSERT INTO Resident VALUES ('RNG65','Employee','RID24','PLT78','Room43');
INSERT INTO Resident VALUES ('RNG10','Student','RID61','PLT30','Room32');
INSERT INTO Resident VALUES ('RNG52','Student','RID56','PLT24','Room4');
INSERT INTO Resident VALUES ('RNG96','Student','RID83','PLT90','Room29');
INSERT INTO Resident VALUES ('RNG51','Student','RID26','PLT63','Room14');
INSERT INTO Resident VALUES ('RNG70','Student','RID92','PLT27','Room31');
INSERT INTO Resident VALUES ('RNG59','Student','RID44','PLT51','Room58');
INSERT INTO Resident VALUES ('RNG78','Student','RID85','PLT76','Room99');
INSERT INTO Resident VALUES ('RNG87','Employee','RID23','PLT32','Room96');
INSERT INTO Resident VALUES ('RNG68','Student','RID5','PLT100','Room10');
INSERT INTO Resident VALUES ('RNG7','Employee','RID3','PLT73','Room44');
INSERT INTO Resident VALUES ('RNG19','Employee','RID66','PLT68','Room55');
INSERT INTO Resident VALUES ('RNG56','Employee','RID25','PLT86','Room70');
INSERT INTO Resident VALUES ('RNG77','Employee','RID38','PLT46','Room51');
INSERT INTO Resident VALUES ('RNG27','Employee','RID46','PLT36','Room72');
INSERT INTO Resident VALUES ('RNG88','Student','RID22','PLT21','Room86');
INSERT INTO Resident VALUES ('RNG8','Student','RID6','PLT75','Room80');
INSERT INTO Resident VALUES ('RNG24','Employee','RID96','PLT34','Room87');
INSERT INTO Resident VALUES ('RNG57','Employee','RID95','PLT94','Room22');
INSERT INTO Resident VALUES ('RNG26','Employee','RID18','PLT3','Room2');
INSERT INTO Resident VALUES ('RNG98','Student','RID87','PLT6','Room93');
INSERT INTO Resident VALUES ('RNG48','Employee','RID10','PLT64','Room48');
INSERT INTO Resident VALUES ('RNG55','Employee','RID27','PLT80','Room34');
INSERT INTO Resident VALUES ('RNG100','Student','RID7','PLT49','Room45');
INSERT INTO Resident VALUES ('RNG84','Student','RID75','PLT70','Room26');
INSERT INTO Resident VALUES ('RNG74','Employee','RID50','PLT43','Room7');
INSERT INTO Resident VALUES ('RNG33','Employee','RID12','PLT98','Room25');
INSERT INTO Resident VALUES ('RNG46','Employee','RID8','PLT89','Room92');
INSERT INTO Resident VALUES ('RNG4','Student','RID97','PLT82','Room41');
INSERT INTO Resident VALUES ('RNG72','Employee','RID36','PLT48','Room95');
INSERT INTO Resident VALUES ('RNG95','Student','RID19','PLT22','Room53');
INSERT INTO Resident VALUES ('RNG13','Student','RID68','PLT62','Room36');
INSERT INTO Resident VALUES ('RNG73','Student','RID51','PLT12','Room52');
INSERT INTO Resident VALUES ('RNG67','Student','RID43','PLT41','Room83');
INSERT INTO Resident VALUES ('RNG38','Employee','RID67','PLT65','Room50');
INSERT INTO Resident VALUES ('RNG83','Employee','RID69','PLT8','Room54');
INSERT INTO Resident VALUES ('RNG35','Student','RID100','PLT92','Room69');
INSERT INTO Resident VALUES ('RNG93','Student','RID13','PLT26','Room77');
INSERT INTO Resident VALUES ('RNG30','Student','RID34','PLT95','Room42');
INSERT INTO Resident VALUES ('RNG92','Student','RID81','PLT4','Room27');
INSERT INTO Resident VALUES ('RNG2','Employee','RID57','PLT38','Room89');
INSERT INTO Resident VALUES ('RNG36','Student','RID88','PLT11','Room66');
INSERT INTO Resident VALUES ('RNG66','Student','RID9','PLT58','Room82');
INSERT INTO Resident VALUES ('RNG3','Student','RID94','PLT39','Room9');
INSERT INTO Resident VALUES ('RNG23','Employee','RID14','PLT93','Room62');
INSERT INTO Resident VALUES ('RNG81','Student','RID93','PLT84','Room68');
INSERT INTO Resident VALUES ('RNG45','Employee','RID76','PLT31','Room71');
INSERT INTO Resident VALUES ('RNG41','Employee','RID11','PLT61','Room67');
INSERT INTO Resident VALUES ('RNG44','Student','RID65','PLT37','Room39');
INSERT INTO Resident VALUES ('RNG40','Employee','RID60','PLT13','Room56');
INSERT INTO Resident VALUES ('RNG34','Student','RID53','PLT55','Room35');
INSERT INTO Resident VALUES ('RNG1','Employee','RID16','PLT59','Room38');
INSERT INTO Resident VALUES ('RNG16','Student','RID37','PLT2','Room17');
INSERT INTO Resident VALUES ('RNG85','Student','RID64','PLT83','Room18');
INSERT INTO Resident VALUES ('RNG82','Employee','RID58','PLT19','Room40');
INSERT INTO Resident VALUES ('RNG63','Student','RID52','PLT29','Room57');
INSERT INTO Resident VALUES ('RNG42','Student','RID89','PLT15','Room91');
INSERT INTO Resident VALUES ('RNG62','Student','RID84','PLT53','Room16');
INSERT INTO Resident VALUES ('RNG6','Student','RID80','PLT5','Room3');
INSERT INTO Resident VALUES ('RNG99','Student','RID90','PLT52','Room46');
INSERT INTO Resident VALUES ('RNG71','Student','RID33','PLT50','Room1');
INSERT INTO Resident VALUES ('RNG11','Employee','RID55','PLT71','Room76');
INSERT INTO Resident VALUES ('RNG28','Employee','RID77','PLT88','Room60');
INSERT INTO Resident VALUES ('RNG75','Student','RID63','PLT14','Room88');
INSERT INTO Resident VALUES ('RNG14','Employee','RID73','PLT23','Room37');
INSERT INTO Resident VALUES ('RNG43','Employee','RID35','PLT72','Room74');
INSERT INTO Resident VALUES ('RNG15','Student','RID70','PLT74','Room75');
INSERT INTO Resident VALUES ('RNG5','Student','RID29','PLT81','Room12');
INSERT INTO Resident VALUES ('RNG86','Student','RID74','PLT42','Room6');
INSERT INTO Resident VALUES ('RNG80','Student','RID86','PLT87','Room15');
INSERT INTO Resident VALUES ('RNG64','Student','RID32','PLT44','Room73');
INSERT INTO Resident VALUES ('RNG9','Student','RID28','PLT97','Room63');
INSERT INTO Resident VALUES ('RNG53','Employee','RID91','PLT25','Room8');
INSERT INTO Resident VALUES ('RNG97','Employee','RID82','PLT79','Room33');
INSERT INTO Resident VALUES ('RNG50','Student','RID30','PLT99','Room61');
INSERT INTO Resident VALUES ('RNG49','Student','RID17','PLT7','Room81');
INSERT INTO Resident VALUES ('RNG22','Student','RID78','PLT85','Room21');
INSERT INTO Resident VALUES ('RNG54','Employee','RID20','PLT33','Room84');
INSERT INTO Resident VALUES ('RNG29','Student','RID21','PLT40','Room100');
INSERT INTO Resident VALUES ('RNG90','Student','RID54','PLT91','Room90');
INSERT INTO Resident VALUES ('RNG25','Student','RID41','PLT57','Room98');
INSERT INTO Resident VALUES ('RNG18','Employee','RID45','PLT69','Room79');
INSERT INTO Resident VALUES ('RNG60','Student','RID99','PLT77','Room28');
INSERT INTO Resident VALUES ('RNG37','Student','RID71','PLT56','Room64');
INSERT INTO Resident VALUES ('RNG21','Student','RID48','PLT20','Room47');
INSERT INTO Resident VALUES ('RNG79','Student','RID40','PLT10','Room78');
INSERT INTO Resident VALUES ('RNG31','Employee','RID42','PLT17','Room5');
INSERT INTO Resident VALUES ('RNG12','Employee','RID39','PLT96','Room97');


CREATE table Student (Name varchar(20), SchoolName varchar(20), StudentId varchar(20), GraduationYear INT, ResidentId varchar(20), Major varchar(30));
CREATE INDEX student_index ON Student(StudentId);
INSERT INTO Student VALUES ('RNG20','UWashington','UW76', 2022, 'RID98','ME');
INSERT INTO Student VALUES ('RNG61','UWashington','UW21', 2023, 'RID72','ABE');
INSERT INTO Student VALUES ('RNG39','UWashington','UW47', 2022, 'RID79','ECON');
INSERT INTO Student VALUES ('RNG94','UCLA','UCLA80', 2023, 'RID1','CS');
INSERT INTO Student VALUES ('RNG47','UCLA','UCLA35', 2022, 'RID15','ECON');
INSERT INTO Student VALUES ('RNG58','UCLA','UCLA54', 2021, 'RID4','ME');
INSERT INTO Student VALUES ('RNG32','UIUC','UIUC49', 2023, 'RID59','ABE');
INSERT INTO Student VALUES ('RNG17','UWashington','UW41', 2021, 'RID62','ABE');
INSERT INTO Student VALUES ('RNG10','UCIrvine','UCI4', 2022, 'RID61','CS');
INSERT INTO Student VALUES ('RNG52','UCLA','UCLA34', 2021, 'RID56','CS');
INSERT INTO Student VALUES ('RNG96','UWashington','UW74', 2022, 'RID83','ABE');
INSERT INTO Student VALUES ('RNG51','UIUC','UIUC46', 2021, 'RID26','CS');
INSERT INTO Student VALUES ('RNG70','UCLA','UCLA50', 2023, 'RID92','ME');
INSERT INTO Student VALUES ('RNG59','UCLA','UCLA37', 2021, 'RID44','ABE');
INSERT INTO Student VALUES ('RNG78','UWashington','UW5', 2021, 'RID85','CS');
INSERT INTO Student VALUES ('RNG68','UCLA','UCLA62', 2022, 'RID5','ECON');
INSERT INTO Student VALUES ('RNG88','Purdue University','PU60', 2023, 'RID22','ECON');
INSERT INTO Student VALUES ('RNG8','UCLA','UCLA39', 2022, 'RID6','ABE');
INSERT INTO Student VALUES ('RNG98','UCIrvine','UCI70', 2021, 'RID87','ME');
INSERT INTO Student VALUES ('RNG100','UWashington','UW86', 2021, 'RID7','ABE');
INSERT INTO Student VALUES ('RNG84','UCIrvine','UCI2', 2022, 'RID75','ABE');
INSERT INTO Student VALUES ('RNG4','UCLA','UCLA69', 2022, 'RID97','ABE');
INSERT INTO Student VALUES ('RNG95','UCIrvine','UCI58', 2022, 'RID19','ME');
INSERT INTO Student VALUES ('RNG13','UCIrvine','UCI91', 2022, 'RID68','ABE');
INSERT INTO Student VALUES ('RNG73','UWashington','UW82', 2021, 'RID51','ME');
INSERT INTO Student VALUES ('RNG67','UCLA','UCLA81', 2023, 'RID43','ABE');
INSERT INTO Student VALUES ('RNG35','UIUC','UIUC33', 2021, 'RID100','ECON');
INSERT INTO Student VALUES ('RNG93','UCIrvine','UCI61', 2021, 'RID13','ECON');
INSERT INTO Student VALUES ('RNG30','UWashington','UW8', 2020, 'RID34','ME');
INSERT INTO Student VALUES ('RNG92','UIUC','UIUC53', 2020, 'RID81','ABE');
INSERT INTO Student VALUES ('RNG36','UCLA','UCLA95', 2022, 'RID88','ECON');
INSERT INTO Student VALUES ('RNG66','UCLA','UCLA43', 2021, 'RID9','ECON');
INSERT INTO Student VALUES ('RNG3','Purdue University','PU57', 2021, 'RID94','ECON');
INSERT INTO Student VALUES ('RNG81','UCIrvine','UCI23', 2023, 'RID93','ME');
INSERT INTO Student VALUES ('RNG44','UIUC','UIUC84', 2023, 'RID65','ABE');
INSERT INTO Student VALUES ('RNG34','UCIrvine','UCI99', 2022, 'RID53','CE');
INSERT INTO Student VALUES ('RNG16','UIUC','UIUC44', 2023, 'RID37','ECON');
INSERT INTO Student VALUES ('RNG85','UWashington','UW52', 2022, 'RID64','ECON');
INSERT INTO Student VALUES ('RNG63','UWashington','UW59', 2022, 'RID52','CE');
INSERT INTO Student VALUES ('RNG42','Purdue University','PU10', 2021, 'RID89','ECON');
INSERT INTO Student VALUES ('RNG62','UCLA','UCLA38', 2020, 'RID84','CE');
INSERT INTO Student VALUES ('RNG6','UCIrvine','UCI29', 2021, 'RID80','ME');
INSERT INTO Student VALUES ('RNG99','UWashington','UW17', 2020, 'RID90','ABE');
INSERT INTO Student VALUES ('RNG71','UCIrvine','UCI7', 2023, 'RID33','CE');
INSERT INTO Student VALUES ('RNG75','UIUC','UIUC93', 2022, 'RID63','ABE');
INSERT INTO Student VALUES ('RNG15','UCIrvine','UCI24', 2021, 'RID70','ABE');
INSERT INTO Student VALUES ('RNG5','Purdue University','PU63', 2023, 'RID29','CE');
INSERT INTO Student VALUES ('RNG86','UCLA','UCLA65', 2020, 'RID74','CS');
INSERT INTO Student VALUES ('RNG80','UWashington','UW83', 2023, 'RID86','CE');
INSERT INTO Student VALUES ('RNG64','Purdue University','PU67', 2020, 'RID32','CE');
INSERT INTO Student VALUES ('RNG9','UCIrvine','UCI88', 2021, 'RID28','CE');
INSERT INTO Student VALUES ('RNG50','Purdue University','PU71', 2021, 'RID30','ECON');
INSERT INTO Student VALUES ('RNG49','UWashington','UW64', 2021, 'RID17','CS');
INSERT INTO Student VALUES ('RNG22','UCLA','UCLA78', 2023, 'RID78','ABE');
INSERT INTO Student VALUES ('RNG29','UCIrvine','UCI19', 2022, 'RID21','CS');
INSERT INTO Student VALUES ('RNG90','UIUC','UIUC66', 2020, 'RID54','CS');
INSERT INTO Student VALUES ('RNG25','Purdue University','PU3', 2020, 'RID41','ME');
INSERT INTO Student VALUES ('RNG60','UCLA','UCLA79', 2022, 'RID99','ABE');
INSERT INTO Student VALUES ('RNG37','UIUC','UIUC56', 2020, 'RID71','ECON');
INSERT INTO Student VALUES ('RNG21','UCIrvine','UCI42', 2020, 'RID48','ME');
INSERT INTO Student VALUES ('RNG79','UIUC','UIUC36', 2022, 'RID40','ABE');


CREATE table Employee (Name varchar(20), CompanyName varchar(30), Job varchar(20), Salary INT, ResidentId varchar(20), EducationStatus varchar(20));
CREATE INDEX employee_index ON Employee(ResidentId);
INSERT INTO Employee VALUES ('RNG76', 'Amazon', 'System engineer', 200000, 'RID49', 'PhD');
INSERT INTO Employee VALUES ('RNG91', 'Google', 'System engineer', 210000, 'RID47', 'PhD');
INSERT INTO Employee VALUES ('RNG89', 'Uber', 'Database engineer', 230000, 'RID2', 'PhD');
INSERT INTO Employee VALUES ('RNG69', 'Microsoft', 'Network engineer', 200000, 'RID31', 'PhD');
INSERT INTO Employee VALUES ('RNG65', 'Facebook', 'System engineer', 220000, 'RID24', 'PhD');
INSERT INTO Employee VALUES ('RNG87', 'Uber', 'Network engineer', 175000, 'RID23', 'BS');
INSERT INTO Employee VALUES ('RNG7', 'Microsoft', 'Network engineer', 170000, 'RID3', 'MS');
INSERT INTO Employee VALUES ('RNG19', 'Google', 'Network engineer', 195000, 'RID66', 'PhD');
INSERT INTO Employee VALUES ('RNG56', 'Facebook', 'Network engineer', 175000, 'RID25', 'MS');
INSERT INTO Employee VALUES ('RNG77', 'Microsoft', 'Data analyst', 187000, 'RID38', 'PhD');
INSERT INTO Employee VALUES ('RNG27', 'Amazon', 'Manager', 180000, 'RID46', 'MS');
INSERT INTO Employee VALUES ('RNG24', 'Facebook', 'System engineer', 220000, 'RID96', 'PhD');
INSERT INTO Employee VALUES ('RNG57', 'Facebook', 'Database engineer', 180000, 'RID95', 'MS');
INSERT INTO Employee VALUES ('RNG26', 'Facebook', 'Data analyst', 142000, 'RID18', 'BS');
INSERT INTO Employee VALUES ('RNG48', 'Google', 'Manager', 220000, 'RID10', 'PhD');
INSERT INTO Employee VALUES ('RNG55', 'Facebook', 'Manager', 230000, 'RID27', 'PhD');
INSERT INTO Employee VALUES ('RNG74', 'Uber', 'Database engineer', 180000, 'RID50', 'BS');
INSERT INTO Employee VALUES ('RNG33', 'Facebook', 'Manager', 200000, 'RID12', 'MS');
INSERT INTO Employee VALUES ('RNG46', 'Google', 'Network engineer', 165000, 'RID8', 'MS');
INSERT INTO Employee VALUES ('RNG72', 'Microsoft', 'System engineer', 185000, 'RID36', 'MS');
INSERT INTO Employee VALUES ('RNG38', 'Amazon', 'Data analyst', 122000, 'RID67', 'BS');
INSERT INTO Employee VALUES ('RNG83', 'Uber', 'Database engineer', 180000, 'RID69', 'BS');
INSERT INTO Employee VALUES ('RNG2', 'Google', 'Database engineer', 150000, 'RID57', 'BS');
INSERT INTO Employee VALUES ('RNG23', 'Facebook', 'Network engineer', 175000, 'RID14', 'MS');
INSERT INTO Employee VALUES ('RNG45', 'Amazon', 'Network engineer', 155000, 'RID76', 'MS');
INSERT INTO Employee VALUES ('RNG41', 'Microsoft', 'Manager', 195000, 'RID11', 'MS');
INSERT INTO Employee VALUES ('RNG40', 'Amazon', 'Manager', 180000, 'RID60', 'MS');
INSERT INTO Employee VALUES ('RNG1', 'Uber', 'Manager', 220000, 'RID16', 'MS');
INSERT INTO Employee VALUES ('RNG82', 'Google', 'Data analyst', 152000, 'RID58', 'MS');
INSERT INTO Employee VALUES ('RNG11', 'Facebook', 'Data analyst', 162000, 'RID55', 'MS');
INSERT INTO Employee VALUES ('RNG28', 'Amazon', 'Database engineer', 190000, 'RID77', 'PhD');
INSERT INTO Employee VALUES ('RNG14', 'Google', 'Network engineer', 195000, 'RID73', 'PhD');
INSERT INTO Employee VALUES ('RNG43', 'Uber', 'Manager', 200000, 'RID35', 'BS');
INSERT INTO Employee VALUES ('RNG53', 'Microsoft', 'Database engineer', 205000, 'RID91', 'PhD');
INSERT INTO Employee VALUES ('RNG97', 'Uber', 'Database engineer', 230000, 'RID82', 'PhD');
INSERT INTO Employee VALUES ('RNG54', 'Microsoft', 'Database engineer', 155000, 'RID20', 'BS');
INSERT INTO Employee VALUES ('RNG18', 'Facebook', 'System engineer', 170000, 'RID45', 'BS');
INSERT INTO Employee VALUES ('RNG31', 'Microsoft', 'Database engineer', 175000, 'RID42', 'MS');
INSERT INTO Employee VALUES ('RNG12', 'Uber', 'System engineer', 190000, 'RID39', 'BS');


CREATE table Room (RoomId varchar(20), RoomType varchar(20), Kitchen BOOL, NumOfBedrooms INT, NumOfBathrooms INT, Rent DOUBLE);
CREATE INDEX room_index ON Room(RoomId);
INSERT INTO Room VALUES ('Room13', '4B4B', 1, 4, 4, 500);
INSERT INTO Room VALUES ('Room23', '4B4B', 1, 4, 4, 500);
INSERT INTO Room VALUES ('Room11', '4B4B', 1, 4, 4, 500);
INSERT INTO Room VALUES ('Room59', '2B2B', 1, 2, 2, 800);
INSERT INTO Room VALUES ('Room19', '4B4B', 1, 4, 4, 500);
INSERT INTO Room VALUES ('Room65', '2B2B', 1, 2, 2, 800);
INSERT INTO Room VALUES ('Room20', '4B4B', 1, 4, 4, 500);
INSERT INTO Room VALUES ('Room94', 'Studio', 0, 1, 1, 1200);
INSERT INTO Room VALUES ('Room85', '1B1B', 1, 1, 1, 1000);
INSERT INTO Room VALUES ('Room24', '4B4B', 1, 4, 4, 500);
INSERT INTO Room VALUES ('Room49', '2B2B', 1, 2, 2, 800);
INSERT INTO Room VALUES ('Room30', '4B4B', 1, 4, 4, 500);
INSERT INTO Room VALUES ('Room43', '2B2B', 1, 2, 2, 800);
INSERT INTO Room VALUES ('Room32', '4B4B', 1, 4, 4, 500);
INSERT INTO Room VALUES ('Room4', '4B4B', 1, 4, 4, 500);
INSERT INTO Room VALUES ('Room29', '4B4B', 1, 4, 4, 500);
INSERT INTO Room VALUES ('Room14', '4B4B', 1, 4, 4, 500);
INSERT INTO Room VALUES ('Room31', '4B4B', 1, 4, 4, 500);
INSERT INTO Room VALUES ('Room58', '2B2B', 1, 2, 2, 800);
INSERT INTO Room VALUES ('Room99', 'Studio', 0, 1, 1, 1200);
INSERT INTO Room VALUES ('Room96', 'Studio', 0, 1, 1, 1200);
INSERT INTO Room VALUES ('Room10', '4B4B', 1, 4, 4, 500);
INSERT INTO Room VALUES ('Room44', '2B2B', 1, 2, 2, 800);
INSERT INTO Room VALUES ('Room55', '2B2B', 1, 2, 2, 800);
INSERT INTO Room VALUES ('Room70', '2B2B', 1, 2, 2, 800);
INSERT INTO Room VALUES ('Room51', '2B2B', 1, 2, 2, 800);
INSERT INTO Room VALUES ('Room72', '2B2B', 1, 2, 2, 800);
INSERT INTO Room VALUES ('Room86', '1B1B', 1, 1, 1, 1000);
INSERT INTO Room VALUES ('Room80', '2B2B', 1, 2, 2, 800);
INSERT INTO Room VALUES ('Room87', '1B1B', 1, 1, 1, 1000);
INSERT INTO Room VALUES ('Room22', '4B4B', 1, 4, 4, 500);
INSERT INTO Room VALUES ('Room2', '4B4B', 1, 4, 4, 500);
INSERT INTO Room VALUES ('Room93', 'Studio', 0, 1, 1, 1200);
INSERT INTO Room VALUES ('Room48', '2B2B', 1, 2, 2, 800);
INSERT INTO Room VALUES ('Room34', '4B4B', 1, 4, 4, 500);
INSERT INTO Room VALUES ('Room45', '2B2B', 1, 2, 2, 800);
INSERT INTO Room VALUES ('Room26', '4B4B', 1, 4, 4, 500);
INSERT INTO Room VALUES ('Room7', '4B4B', 1, 4, 4, 500);
INSERT INTO Room VALUES ('Room25', '4B4B', 1, 4, 4, 500);
INSERT INTO Room VALUES ('Room92', 'Studio', 0, 1, 1, 1200);
INSERT INTO Room VALUES ('Room41', '2B2B', 1, 2, 2, 800);
INSERT INTO Room VALUES ('Room95', 'Studio', 0, 1, 1, 1200);
INSERT INTO Room VALUES ('Room53', '2B2B', 1, 2, 2, 800);
INSERT INTO Room VALUES ('Room36', '4B4B', 1, 4, 4, 500);
INSERT INTO Room VALUES ('Room52', '2B2B', 1, 2, 2, 800);
INSERT INTO Room VALUES ('Room83', '1B1B', 1, 1, 1, 1000);
INSERT INTO Room VALUES ('Room50', '2B2B', 1, 2, 2, 800);
INSERT INTO Room VALUES ('Room54', '2B2B', 1, 2, 2, 800);
INSERT INTO Room VALUES ('Room69', '2B2B', 1, 2, 2, 800);
INSERT INTO Room VALUES ('Room77', '2B2B', 1, 2, 2, 800);
INSERT INTO Room VALUES ('Room42', '2B2B', 1, 2, 2, 800);
INSERT INTO Room VALUES ('Room27', '4B4B', 1, 4, 4, 500);
INSERT INTO Room VALUES ('Room89', '1B1B', 1, 1, 1, 1000);
INSERT INTO Room VALUES ('Room66', '2B2B', 1, 2, 2, 800);
INSERT INTO Room VALUES ('Room82', '1B1B', 1, 1, 1, 1000);
INSERT INTO Room VALUES ('Room9', '4B4B', 1, 4, 4, 500);
INSERT INTO Room VALUES ('Room62', '2B2B', 1, 2, 2, 800);
INSERT INTO Room VALUES ('Room68', '2B2B', 1, 2, 2, 800);
INSERT INTO Room VALUES ('Room71', '2B2B', 1, 2, 2, 800);
INSERT INTO Room VALUES ('Room67', '2B2B', 1, 2, 2, 800);
INSERT INTO Room VALUES ('Room39', '4B4B', 1, 4, 4, 500);
INSERT INTO Room VALUES ('Room56', '2B2B', 1, 2, 2, 800);
INSERT INTO Room VALUES ('Room35', '4B4B', 1, 4, 4, 500);
INSERT INTO Room VALUES ('Room38', '4B4B', 1, 4, 4, 500);
INSERT INTO Room VALUES ('Room17', '4B4B', 1, 4, 4, 500);
INSERT INTO Room VALUES ('Room18', '4B4B', 1, 4, 4, 500);
INSERT INTO Room VALUES ('Room40', '4B4B', 1, 4, 4, 500);
INSERT INTO Room VALUES ('Room57', '2B2B', 1, 2, 2, 800);
INSERT INTO Room VALUES ('Room91', 'Studio', 0, 1, 1, 1200);
INSERT INTO Room VALUES ('Room16', '4B4B', 1, 4, 4, 500);
INSERT INTO Room VALUES ('Room3', '4B4B', 1, 4, 4, 500);
INSERT INTO Room VALUES ('Room46', '2B2B', 1, 2, 2, 800);
INSERT INTO Room VALUES ('Room1', '4B4B', 1, 4, 4, 500);
INSERT INTO Room VALUES ('Room76', '2B2B', 1, 2, 2, 800);
INSERT INTO Room VALUES ('Room60', '2B2B', 1, 2, 2, 800);
INSERT INTO Room VALUES ('Room88', '1B1B', 1, 1, 1, 1000);
INSERT INTO Room VALUES ('Room37', '4B4B', 1, 4, 4, 500);
INSERT INTO Room VALUES ('Room74', '2B2B', 1, 2, 2, 800);
INSERT INTO Room VALUES ('Room75', '2B2B', 1, 2, 2, 800);
INSERT INTO Room VALUES ('Room12', '4B4B', 1, 4, 4, 500);
INSERT INTO Room VALUES ('Room6', '4B4B', 1, 4, 4, 500);
INSERT INTO Room VALUES ('Room15', '4B4B', 1, 4, 4, 500);
INSERT INTO Room VALUES ('Room73', '2B2B', 1, 2, 2, 800);
INSERT INTO Room VALUES ('Room63', '2B2B', 1, 2, 2, 800);
INSERT INTO Room VALUES ('Room8', '4B4B', 1, 4, 4, 500);
INSERT INTO Room VALUES ('Room33', '4B4B', 1, 4, 4, 500);
INSERT INTO Room VALUES ('Room61', '2B2B', 1, 2, 2, 800);
INSERT INTO Room VALUES ('Room81', '1B1B', 1, 1, 1, 1000);
INSERT INTO Room VALUES ('Room21', '4B4B', 1, 4, 4, 500);
INSERT INTO Room VALUES ('Room84', '1B1B', 1, 1, 1, 1000);
INSERT INTO Room VALUES ('Room100', 'Studio', 0, 1, 1, 1200);
INSERT INTO Room VALUES ('Room90', '1B1B', 1, 1, 1, 1000);
INSERT INTO Room VALUES ('Room98', 'Studio', 0, 1, 1, 1200);
INSERT INTO Room VALUES ('Room79', '2B2B', 1, 2, 2, 800);
INSERT INTO Room VALUES ('Room28', '4B4B', 1, 4, 4, 500);
INSERT INTO Room VALUES ('Room64', '2B2B', 1, 2, 2, 800);
INSERT INTO Room VALUES ('Room47', '2B2B', 1, 2, 2, 800);
INSERT INTO Room VALUES ('Room78', '2B2B', 1, 2, 2, 800);
INSERT INTO Room VALUES ('Room5', '4B4B', 1, 4, 4, 500);
INSERT INTO Room VALUES ('Room97', 'Studio', 0, 1, 1, 1200);


CREATE table Cars (Name varchar(20),  CarId varchar(20), ResidentId varchar(20), Brand varchar(20), Model varchar(20), Type varchar(20), Energy varchar(20));
CREATE INDEX cars_index ON Cars(CarId);
INSERT INTO Cars VALUES ('RNG20','Car98','RID98','Tesla','Model S','Sedan','Electric');
INSERT INTO Cars VALUES ('RNG61','Car72','RID72','Tesla','Model X','SUV','Electric');
INSERT INTO Cars VALUES ('RNG76','Car49','RID49','Tesla','Model S','Sedan','Electric');
INSERT INTO Cars VALUES ('RNG39','Car79','RID79','Audi','A3','Sedan','Petroleum');
INSERT INTO Cars VALUES ('RNG91','Car47','RID47','Tesla','Model X','SUV','Electric');
INSERT INTO Cars VALUES ('RNG89','Car2','RID2','BMW','X5','SUV','Petroleum');
INSERT INTO Cars VALUES ('RNG58','Car4','RID4','BMW','5 series','Sedan','Petroleum');
INSERT INTO Cars VALUES ('RNG69','Car31','RID31','BMW','X6','SUV','Petroleum');
INSERT INTO Cars VALUES ('RNG10','Car61','RID61','Tesla','Model S','Sedan','Electric');
INSERT INTO Cars VALUES ('RNG52','Car56','RID56','Tesla','Model S','Sedan','Electric');
INSERT INTO Cars VALUES ('RNG96','Car83','RID83','Tesla','Model S','Sedan','Electric');
INSERT INTO Cars VALUES ('RNG51','Car26','RID26','Audi','A4','Sedan','Petroleum');
INSERT INTO Cars VALUES ('RNG70','Car92','RID92','Audi','A3','Sedan','Petroleum');
INSERT INTO Cars VALUES ('RNG78','Car85','RID85','Audi','Q5','SUV','Petroleum');
INSERT INTO Cars VALUES ('RNG68','Car5','RID5','BMW','5 series','Sedan','Petroleum');
INSERT INTO Cars VALUES ('RNG77','Car38','RID38','Tesla','Model S','Sedan','Electric');
INSERT INTO Cars VALUES ('RNG57','Car95','RID95','Tesla','Model X','SUV','Electric');
INSERT INTO Cars VALUES ('RNG48','Car10','RID10','Audi','Q5','SUV','Petroleum');
INSERT INTO Cars VALUES ('RNG55','Car27','RID27','Audi','A6','Sedan','Petroleum');
INSERT INTO Cars VALUES ('RNG33','Car12','RID12','Tesla','Model S','Sedan','Electric');
INSERT INTO Cars VALUES ('RNG46','Car8','RID8','Audi','A3','Sedan','Petroleum');
INSERT INTO Cars VALUES ('RNG95','Car19','RID19','Audi','A3','Sedan','Petroleum');
INSERT INTO Cars VALUES ('RNG67','Car43','RID43','Tesla','Model S','Sedan','Electric');
INSERT INTO Cars VALUES ('RNG35','Car100','RID100','Audi','A6','Sedan','Petroleum');
INSERT INTO Cars VALUES ('RNG93','Car13','RID13','Audi','A3','Sedan','Petroleum');
INSERT INTO Cars VALUES ('RNG30','Car34','RID34','Tesla','Model S','Sedan','Electric');
INSERT INTO Cars VALUES ('RNG92','Car81','RID81','Tesla','Model X','SUV','Electric');
INSERT INTO Cars VALUES ('RNG66','Car9','RID9','BMW','X5','SUV','Petroleum');
INSERT INTO Cars VALUES ('RNG3','Car94','RID94','Tesla','Model S','Sedan','Electric');
INSERT INTO Cars VALUES ('RNG23','Car14','RID14','Audi','A3','Sedan','Petroleum');
INSERT INTO Cars VALUES ('RNG81','Car93','RID93','Tesla','Model X','SUV','Electric');
INSERT INTO Cars VALUES ('RNG45','Car76','RID76','Tesla','Model X','SUV','Electric');
INSERT INTO Cars VALUES ('RNG34','Car53','RID53','Tesla','Model X','SUV','Electric');
INSERT INTO Cars VALUES ('RNG1','Car16','RID16','Audi','A4','Sedan','Petroleum');
INSERT INTO Cars VALUES ('RNG16','Car37','RID37','Tesla','Model S','Sedan','Electric');
INSERT INTO Cars VALUES ('RNG85','Car64','RID64','Audi','A4','Sedan','Petroleum');
INSERT INTO Cars VALUES ('RNG63','Car52','RID52','Audi','A4','Sedan','Petroleum');
INSERT INTO Cars VALUES ('RNG42','Car89','RID89','BMW','X6','SUV','Petroleum');
INSERT INTO Cars VALUES ('RNG6','Car80','RID80','Tesla','Model S','Sedan','Electric');
INSERT INTO Cars VALUES ('RNG99','Car90','RID90','Audi','A4','Sedan','Petroleum');
INSERT INTO Cars VALUES ('RNG71','Car33','RID33','Audi','A6','Sedan','Petroleum');
INSERT INTO Cars VALUES ('RNG11','Car55','RID55','Tesla','Model X','SUV','Electric');
INSERT INTO Cars VALUES ('RNG28','Car77','RID77','BMW','5 series','Sedan','Petroleum');
INSERT INTO Cars VALUES ('RNG75','Car63','RID63','BMW','X5','SUV','Petroleum');
INSERT INTO Cars VALUES ('RNG43','Car35','RID35','BMW','X5','SUV','Petroleum');
INSERT INTO Cars VALUES ('RNG5','Car29','RID29','BMW','X5','SUV','Petroleum');
INSERT INTO Cars VALUES ('RNG64','Car32','RID32','Audi','Q5','SUV','Petroleum');
INSERT INTO Cars VALUES ('RNG9','Car28','RID28','Audi','A6','Sedan','Petroleum');
INSERT INTO Cars VALUES ('RNG97','Car82','RID82','Tesla','Model S','Sedan','Electric');
INSERT INTO Cars VALUES ('RNG50','Car30','RID30','Tesla','Model X','SUV','Electric');
INSERT INTO Cars VALUES ('RNG22','Car78','RID78','BMW','X5','SUV','Petroleum');
INSERT INTO Cars VALUES ('RNG54','Car20','RID20','BMW','X5','SUV','Petroleum');
INSERT INTO Cars VALUES ('RNG90','Car54','RID54','BMW','3 series','Sedan','Petroleum');
INSERT INTO Cars VALUES ('RNG25','Car41','RID41','Tesla','Model X','SUV','Electric');
INSERT INTO Cars VALUES ('RNG18','Car45','RID45','BMW','X5','SUV','Petroleum');
INSERT INTO Cars VALUES ('RNG60','Car99','RID99','Audi','Q5','SUV','Petroleum');
INSERT INTO Cars VALUES ('RNG37','Car71','RID71','Tesla','Model X','SUV','Electric');
INSERT INTO Cars VALUES ('RNG21','Car48','RID48','Audi','A3','Sedan','Petroleum');
INSERT INTO Cars VALUES ('RNG79','Car40','RID40','BMW','3 series','Sedan','Petroleum');
INSERT INTO Cars VALUES ('RNG31','Car42','RID42','Audi','Q5','SUV','Petroleum');
INSERT INTO Cars VALUES ('RNG12','Car39','RID39','BMW','X6','SUV','Petroleum');


CREATE table School (SchoolName varchar(20), Address varchar(20), Property varchar(20), Ranking INT);
CREATE INDEX school_index ON School(SchoolName);
INSERT INTO School VALUES ('Purdue', 'West Lafayette' , 'Public' , 1);
INSERT INTO School VALUES ('UWashington', 'Seattle' , 'Public' , 2);
INSERT INTO School VALUES ('UIUC', 'Illinois' , 'Public' , 3);
INSERT INTO School VALUES ('UCLA', 'Los Angeles' , 'Public' , 4);
INSERT INTO School VALUES ('UCIrvine', 'Irvine' , 'Public' , 5);


CREATE table Company (CompanyName varchar(20), Address varchar(20), Headquarter varchar(20), MarketValue INT);
CREATE INDEX company_index ON Company(CompanyName);
INSERT INTO Company VALUES ('Google', 'Mountain View' , 'Mountain View' , 1000);
INSERT INTO Company VALUES ('Microsoft', 'San Francisco' , 'Seattle' , 2000);
INSERT INTO Company VALUES ('Uber', 'Santa Cruz' , 'Chicago' , 1300);
INSERT INTO Company VALUES ('Amazon', 'Los Angeles' , 'San Jose' , 2200);
INSERT INTO Company VALUES ('Facebook', 'Los Angeles' , 'San Francisco' , 1500);


CREATE table LivingHabit (Name varchar(20), ResidentId varchar(20), Tidiness INT, Quietness INT, Smoking varchar(20), SleepingHours INT);
CREATE INDEX habit_index ON LivingHabit(ResidentId);
INSERT INTO LivingHabit VALUES ('RNG20','RID98',5, 1, 'Yes', 8);
INSERT INTO LivingHabit VALUES ('RNG61','RID72',1, 3, 'No', 7);
INSERT INTO LivingHabit VALUES ('RNG76','RID49',1, 3, 'Yes', 9);
INSERT INTO LivingHabit VALUES ('RNG39','RID79',0, 4, 'Yes', 6);
INSERT INTO LivingHabit VALUES ('RNG91','RID47',4, 3, 'No', 9);
INSERT INTO LivingHabit VALUES ('RNG94','RID1',2, 2, 'Yes', 8);
INSERT INTO LivingHabit VALUES ('RNG47','RID15',4, 1, 'Yes', 7);
INSERT INTO LivingHabit VALUES ('RNG89','RID2',3, 5, 'No', 9);
INSERT INTO LivingHabit VALUES ('RNG58','RID4',2, 1, 'No', 5);
INSERT INTO LivingHabit VALUES ('RNG32','RID59',1, 1, 'No', 7);
INSERT INTO LivingHabit VALUES ('RNG17','RID62',0, 0, 'No', 9);
INSERT INTO LivingHabit VALUES ('RNG69','RID31',3, 0, 'No', 6);
INSERT INTO LivingHabit VALUES ('RNG65','RID24',0, 0, 'Yes', 6);
INSERT INTO LivingHabit VALUES ('RNG10','RID61',4, 3, 'No', 8);
INSERT INTO LivingHabit VALUES ('RNG52','RID56',0, 1, 'Yes', 5);
INSERT INTO LivingHabit VALUES ('RNG96','RID83',5, 5, 'Yes', 5);
INSERT INTO LivingHabit VALUES ('RNG51','RID26',5, 5, 'No', 8);
INSERT INTO LivingHabit VALUES ('RNG70','RID92',5, 2, 'No', 9);
INSERT INTO LivingHabit VALUES ('RNG59','RID44',0, 0, 'Yes', 7);
INSERT INTO LivingHabit VALUES ('RNG78','RID85',0, 4, 'Yes', 8);
INSERT INTO LivingHabit VALUES ('RNG87','RID23',0, 4, 'Yes', 8);
INSERT INTO LivingHabit VALUES ('RNG68','RID5',4, 2, 'Yes', 5);
INSERT INTO LivingHabit VALUES ('RNG7','RID3',3, 2, 'No', 6);
INSERT INTO LivingHabit VALUES ('RNG19','RID66',0, 3, 'Yes', 7);
INSERT INTO LivingHabit VALUES ('RNG56','RID25',5, 1, 'No', 7);
INSERT INTO LivingHabit VALUES ('RNG77','RID38',5, 4, 'No', 7);
INSERT INTO LivingHabit VALUES ('RNG27','RID46',0, 4, 'Yes', 9);
INSERT INTO LivingHabit VALUES ('RNG88','RID22',3, 4, 'No', 9);
INSERT INTO LivingHabit VALUES ('RNG8','RID6',3, 0, 'No', 5);
INSERT INTO LivingHabit VALUES ('RNG24','RID96',0, 1, 'Yes', 6);
INSERT INTO LivingHabit VALUES ('RNG57','RID95',1, 3, 'Yes', 7);
INSERT INTO LivingHabit VALUES ('RNG26','RID18',0, 2, 'Yes', 9);
INSERT INTO LivingHabit VALUES ('RNG98','RID87',0, 2, 'No', 5);
INSERT INTO LivingHabit VALUES ('RNG48','RID10',5, 1, 'Yes', 5);
INSERT INTO LivingHabit VALUES ('RNG55','RID27',0, 5, 'No', 5);
INSERT INTO LivingHabit VALUES ('RNG100','RID7',4, 5, 'No', 7);
INSERT INTO LivingHabit VALUES ('RNG84','RID75',3, 5, 'No', 6);
INSERT INTO LivingHabit VALUES ('RNG74','RID50',2, 4, 'Yes', 7);
INSERT INTO LivingHabit VALUES ('RNG33','RID12',5, 3, 'Yes', 6);
INSERT INTO LivingHabit VALUES ('RNG46','RID8',2, 2, 'No', 8);
INSERT INTO LivingHabit VALUES ('RNG4','RID97',2, 2, 'No', 9);
INSERT INTO LivingHabit VALUES ('RNG72','RID36',4, 0, 'Yes', 8);
INSERT INTO LivingHabit VALUES ('RNG95','RID19',3, 1, 'Yes', 6);
INSERT INTO LivingHabit VALUES ('RNG13','RID68',0, 3, 'Yes', 9);
INSERT INTO LivingHabit VALUES ('RNG73','RID51',1, 5, 'Yes', 9);
INSERT INTO LivingHabit VALUES ('RNG67','RID43',4, 0, 'Yes', 5);
INSERT INTO LivingHabit VALUES ('RNG38','RID67',0, 5, 'No', 5);
INSERT INTO LivingHabit VALUES ('RNG83','RID69',2, 4, 'Yes', 6);
INSERT INTO LivingHabit VALUES ('RNG35','RID100',2, 2, 'No', 8);
INSERT INTO LivingHabit VALUES ('RNG93','RID13',4, 4, 'No', 9);
INSERT INTO LivingHabit VALUES ('RNG30','RID34',0, 5, 'No', 8);
INSERT INTO LivingHabit VALUES ('RNG92','RID81',1, 3, 'No', 6);
INSERT INTO LivingHabit VALUES ('RNG2','RID57',4, 2, 'Yes', 7);
INSERT INTO LivingHabit VALUES ('RNG36','RID88',4, 5, 'Yes', 6);
INSERT INTO LivingHabit VALUES ('RNG66','RID9',2, 2, 'Yes', 9);
INSERT INTO LivingHabit VALUES ('RNG3','RID94',0, 2, 'No', 6);
INSERT INTO LivingHabit VALUES ('RNG23','RID14',3, 1, 'Yes', 5);
INSERT INTO LivingHabit VALUES ('RNG81','RID93',2, 1, 'No', 9);
INSERT INTO LivingHabit VALUES ('RNG45','RID76',4, 3, 'Yes', 9);
INSERT INTO LivingHabit VALUES ('RNG41','RID11',3, 1, 'No', 6);
INSERT INTO LivingHabit VALUES ('RNG44','RID65',2, 3, 'Yes', 5);
INSERT INTO LivingHabit VALUES ('RNG40','RID60',5, 4, 'No', 6);
INSERT INTO LivingHabit VALUES ('RNG34','RID53',2, 1, 'No', 8);
INSERT INTO LivingHabit VALUES ('RNG1','RID16',0, 1, 'Yes', 8);
INSERT INTO LivingHabit VALUES ('RNG16','RID37',4, 0, 'Yes', 5);
INSERT INTO LivingHabit VALUES ('RNG85','RID64',2, 2, 'No', 6);
INSERT INTO LivingHabit VALUES ('RNG82','RID58',1, 2, 'Yes', 5);
INSERT INTO LivingHabit VALUES ('RNG63','RID52',1, 0, 'Yes', 9);
INSERT INTO LivingHabit VALUES ('RNG42','RID89',2, 5, 'Yes', 8);
INSERT INTO LivingHabit VALUES ('RNG62','RID84',2, 5, 'No', 9);
INSERT INTO LivingHabit VALUES ('RNG6','RID80',2, 5, 'Yes', 7);
INSERT INTO LivingHabit VALUES ('RNG99','RID90',5, 3, 'Yes', 5);
INSERT INTO LivingHabit VALUES ('RNG71','RID33',2, 5, 'No', 7);
INSERT INTO LivingHabit VALUES ('RNG11','RID55',2, 3, 'No', 9);
INSERT INTO LivingHabit VALUES ('RNG28','RID77',3, 0, 'Yes', 5);
INSERT INTO LivingHabit VALUES ('RNG75','RID63',3, 0, 'Yes', 5);
INSERT INTO LivingHabit VALUES ('RNG14','RID73',5, 0, 'No', 5);
INSERT INTO LivingHabit VALUES ('RNG43','RID35',3, 5, 'Yes', 8);
INSERT INTO LivingHabit VALUES ('RNG15','RID70',1, 5, 'No', 6);
INSERT INTO LivingHabit VALUES ('RNG5','RID29',1, 0, 'No', 5);
INSERT INTO LivingHabit VALUES ('RNG86','RID74',5, 3, 'Yes', 7);
INSERT INTO LivingHabit VALUES ('RNG80','RID86',3, 3, 'Yes', 5);
INSERT INTO LivingHabit VALUES ('RNG64','RID32',2, 0, 'Yes', 6);
INSERT INTO LivingHabit VALUES ('RNG9','RID28',3, 5, 'No', 6);
INSERT INTO LivingHabit VALUES ('RNG53','RID91',1, 2, 'No', 5);
INSERT INTO LivingHabit VALUES ('RNG97','RID82',2, 0, 'Yes', 7);
INSERT INTO LivingHabit VALUES ('RNG50','RID30',0, 4, 'No', 5);
INSERT INTO LivingHabit VALUES ('RNG49','RID17',2, 0, 'Yes', 8);
INSERT INTO LivingHabit VALUES ('RNG22','RID78',1, 3, 'No', 9);
INSERT INTO LivingHabit VALUES ('RNG54','RID20',5, 2, 'No', 6);
INSERT INTO LivingHabit VALUES ('RNG29','RID21',1, 0, 'No', 5);
INSERT INTO LivingHabit VALUES ('RNG90','RID54',1, 5, 'No', 8);
INSERT INTO LivingHabit VALUES ('RNG25','RID41',3, 0, 'Yes', 6);
INSERT INTO LivingHabit VALUES ('RNG18','RID45',2, 1, 'Yes', 7);
INSERT INTO LivingHabit VALUES ('RNG60','RID99',1, 3, 'Yes', 5);
INSERT INTO LivingHabit VALUES ('RNG37','RID71',5, 3, 'Yes', 6);
INSERT INTO LivingHabit VALUES ('RNG21','RID48',1, 4, 'No', 8);
INSERT INTO LivingHabit VALUES ('RNG79','RID40',2, 3, 'No', 8);
INSERT INTO LivingHabit VALUES ('RNG31','RID42',2, 4, 'No', 8);
INSERT INTO LivingHabit VALUES ('RNG12','RID39',2, 0, 'No', 9);
